l_c,n_c,l_d,n_d,kappa_m0,kappa_max,m_max,n_m,refine
12,-57,10,-98,-2.1668913572217763,-3.8563907914456497,"(-12, 6, 6)",369,1
8,-35,4,-38,-3.3047559484189293,-5.355877391063501,"(-8, 4, 4)",81,1
12,-57,8,-79,-1.4181502053509285,-2.523865063458478,"(-12, 6, 6)",269,1
12,-57,6,-60,-4.02701292904898,-7.166827042278803,"(-12, 6, 6)",169,2
12,-57,6,-61,-5.336433894586264,-9.497187970063415,"(-12, 6, 6)",169,1
12,-57,12,-117,-0.9769621833607871,-1.7386879849544443,"(-12, 6, 6)",469,2
12,-57,9,-89,-2.0703126649398347,-3.684510840785184,"(-12, 6, 6)",319,1
12,-57,7,-70,-2.2391763987378694,-3.985035620607472,"(-12, 6, 6)",219,1
12,-57,11,-108,-1.4391745748605536,-2.561281883966158,"(-12, 6, 6)",419,2
12,-57,14,-136,-0.5360461896173322,0.989355896608684,"(-5, -9, 14)",569,2
12,-57,16,-155,-0.46430982607549237,-0.8782293076610422,"(-4, -12, 16)",669,2
12,-57,11,-107,-1.3461088191064299,-2.395653864687272,"(-12, 6, 6)",419,2
12,-57,17,-164,-0.5056550163385422,0.9782127063219971,"(-4, -13, 17)",719,2
12,-57,9,-88,-1.6670521010213648,-2.9668328085822906,"(-12, 6, 6)",319,1
12,-57,6,-62,-5.688034890260328,-10.122928082719106,"(-12, 6, 6)",169,1
12,-57,10,-99,-1.8545993010941635,-3.3006083312506242,"(-12, 6, 6)",369,2
12,-57,6,-59,-3.9851806313853344,-7.09237859937117,"(-12, 6, 6)",169,2
12,-57,10,-97,-2.1600038357946367,-3.844133151431131,"(-12, 6, 6)",369,2
12,-57,15,-145,-0.5121449484746905,-0.9564896311779926,"(-5, -10, 15)",619,1
12,-57,7,-69,-2.1300195370244137,-3.790770451321581,"(-12, 6, 6)",219,1
12,-57,8,-80,-1.6473079392567402,-2.931694358580982,"(-12, 6, 6)",269,2
10,-48,5,-51,-3.0148036285489144,-5.142304196920393,"(-10, 5, 5)",121,2
12,-57,13,-126,-0.6478434949113664,1.159940012443904,"(-6, -7, 13)",511,2
12,-57,19,-183,-0.4006847750854648,0.7887383026243655,"(-4, -15, 19)",819,2
12,-57,13,-127,-0.5871231401254153,1.0512224446374252,"(-6, -7, 13)",511,2
12,-57,18,-174,-0.4294836397733735,-0.8413905693302807,"(-4, -14, 18)",769,2
12,-57,24,-230,-0.22985987974404656,0.48204767075166155,"(-3, -21, 24)",1069,2
12,-57,21,-202,-0.2851242531703331,-0.5796198427550252,"(-3, -18, 21)",919,2
12,-57,9,-90,-2.1767881174302888,-3.874003937949792,"(-12, 6, 6)",319,1
12,-57,6,-58,-4.746714082042546,-8.44767062945132,"(-12, 6, 6)",169,1
12,-57,11,-109,-1.5915752853663718,-2.8325076169248833,"(-12, 6, 6)",419,2
12,-57,8,-78,-1.6588698898810903,-2.9522710246747437,"(-12, 6, 6)",269,2
12,-57,18,-173,-0.4593689865527955,-0.8999381986523667,"(-4, -14, 18)",769,2
12,-57,10,-100,-2.0812021086264667,-3.7038906542756815,"(-12, 6, 6)",369,2
12,-57,11,-106,-1.604688599081056,-2.8558452254699933,"(-12, 6, 6)",419,2
12,-57,22,-211,-0.26626308342203064,0.5492281776227772,"(-3, -19, 22)",969,2
12,-57,12,-118,-0.9235872262368706,-1.6436972082085637,"(-12, 6, 6)",469,2
12,-57,25,-239,-0.23671541042442018,-0.4980475623765361,"(-3, -22, 25)",1119,2
6,-27,13,-119,-0.42231890229040875,0.7715895634584525,"(-1, -12, 13)",305,2
12,-57,15,-146,-0.47758432242629045,-0.8919436846431615,"(-5, -10, 15)",619,2
12,-57,20,-192,-0.35255187515170094,0.702559636856589,"(-3, -17, 20)",869,1
12,-57,23,-221,-0.23731164467550653,-0.49449626388546203,"(-3, -20, 23)",1019,2
12,-57,7,-71,-1.8765546867090215,-3.339682070054147,"(-12, 6, 6)",219,2
12,-57,17,-165,-0.5034484034601077,0.9739439130026716,"(-4, -13, 17)",719,2
6,-27,3,-30,-2.427681007979792,-3.6897556865906997,"(-6, 3, 3)",49,1
12,-57,8,-81,-2.072325436401001,-3.6880929462295673,"(-12, 6, 6)",269,1
12,-57,16,-154,-0.45397390300451756,-0.8586791925162081,"(-4, -12, 16)",669,2
12,-57,12,-116,-0.908250085881632,-1.6164018818250225,"(-12, 6, 6)",469,2
12,-57,20,-193,-0.3376344624564674,0.6728324597099775,"(-3, -17, 20)",869,1
12,-57,10,-101,-2.415080322896101,-4.298089743529783,"(-12, 6, 6)",369,1
12,-57,10,-96,-1.811996559376471,-3.224788738217961,"(-12, 6, 6)",369,2
12,-57,9,-87,-1.412990326648337,-2.514682088664941,"(-12, 6, 6)",319,2
12,-57,25,-240,-0.23339733870875382,-0.4910663627714464,"(-3, -22, 25)",1119,2
6,-27,5,-48,-1.066995368987228,-1.6216925606559518,"(-6, 3, 3)",101,1
12,-57,6,-57,-4.382651271902669,-7.799752373719656,"(-12, 6, 6)",169,1
12,-57,23,-220,-0.24393985953151867,-0.5083077542024075,"(-3, -20, 23)",1019,2
12,-57,14,-137,-0.5657311592434167,1.044144085218282,"(-5, -9, 14)",569,2
12,-57,19,-184,-0.4113767643800318,0.8097852253233334,"(-4, -15, 19)",819,1
12,-57,9,-91,-1.9171504462234537,-3.411929860715863,"(-12, 6, 6)",319,2
12,-57,11,-105,-1.6741190299931996,-2.979409738071585,"(-12, 6, 6)",419,2
12,-57,11,-110,-1.5102051719756124,-2.6876941933385194,"(-12, 6, 6)",419,2
12,-56,6,-59,-3.918785025662455,-6.9742151290850805,"(-12, 6, 6)",169,2
12,-57,16,-156,-0.5152094333484442,-0.974504519481067,"(-4, -12, 16)",669,1
12,-57,14,-135,-0.4782640167484117,0.8827099870695643,"(-5, -9, 14)",569,2
6,-27,12,-110,-0.3589531914715065,-0.6384912049625292,"(-1, -11, 12)",283,2
12,-57,22,-212,-0.2683641800866141,0.5535621674394265,"(-3, -19, 22)",969,2
12,-57,7,-68,-1.687641406692547,-3.003475351148124,"(-12, 6, 6)",219,1
12,-57,21,-201,-0.2898351433164217,-0.5891964584773006,"(-3, -18, 21)",919,2
12,-57,19,-182,-0.38213933285271134,0.7522320474891141,"(-4, -15, 19)",819,2
6,-27,9,-83,-0.553824194465871,-0.9217654955488579,"(-2, -7, 9)",205,2
12,-57,17,-163,-0.46183214261981315,0.8934353571134026,"(-4, -13, 17)",719,2
12,-57,13,-128,-0.6483112952521123,1.1607775917934178,"(-6, -7, 13)",511,2
6,-27,14,-128,-0.29162019968795155,-0.5436190529421696,"(-1, -13, 14)",335,2
12,-57,9,-86,-1.606155164236249,-2.858455254044201,"(-12, 6, 6)",319,2
12,-57,8,-77,-1.5743878643255977,-2.8019193679988614,"(-12, 6, 6)",269,2
12,-57,18,-175,-0.44816744569844835,-0.8779935424093768,"(-4, -14, 18)",769,2
12,-57,13,-125,-0.6864044892856572,1.2289820583171758,"(-6, -7, 13)",511,2
10,-45,5,-48,-4.925327957546975,-8.40105617077734,"(-10, 5, 5)",121,1
12,-57,24,-231,-0.24038540402684166,0.5041211377246932,"(-3, -21, 24)",1069,2
6,-27,25,-225,-0.30073283851942934,-0.6342378453390507,"(0, -25, 25)",621,2
6,-27,11,-101,-0.36319056660856675,0.623414700401767,"(-1, -10, 11)",257,2
12,-57,10,-95,-1.558439638907045,-2.773536500791893,"(-12, 6, 6)",369,1
12,-57,12,-119,-0.8083423380491861,-1.4385972505724811,"(-12, 6, 6)",469,2
12,-57,21,-203,-0.29863525135194063,-0.6070859125628633,"(-3, -18, 21)",919,1
12,-57,15,-144,-0.4925762176984327,-0.919942774397411,"(-5, -10, 15)",619,1
6,-27,10,-92,-0.4475379332949191,0.7514743923449283,"(-2, -8, 10)",231,1
12,-57,18,-172,-0.46884812764203493,-0.9185085449455345,"(-4, -14, 18)",769,2
12,-57,12,-115,-0.846407138465991,-1.5063407234126587,"(-12, 6, 6)",469,2
12,-57,24,-229,-0.22209090410040572,0.4657550640674547,"(-3, -21, 24)",1069,2
12,-53,7,-65,-2.2116625088820627,-3.936069477878056,"(-12, 6, 6)",219,1
12,-57,6,-56,-3.34102489185771,-5.945982286564762,"(-12, 6, 6)",169,2
12,-57,10,-94,-1.7851819069902488,-3.177067020101635,"(-12, 6, 6)",369,1
12,-57,15,-147,-0.4770103985549633,-0.8908718157637805,"(-5, -10, 15)",619,2
12,-57,11,-104,-1.491494632493599,-2.6543952686273373,"(-12, 6, 6)",419,2
4,-20,3,-32,1.810773016696401,2.5250023336606278,"(-4, 2, 2)",43,1
12,-57,16,-153,-0.4858423524001825,-0.9189574909221185,"(-4, -12, 16)",669,1
12,-57,17,-166,-0.4696542442334276,0.9085675696720468,"(-4, -13, 17)",719,2
12,-57,20,-191,-0.3420809581022118,0.6816933638388046,"(-3, -17, 20)",869,2
6,-27,20,-181,-0.29720333583324793,-0.57899242839354,"(-1, -19, 20)",491,2
12,-57,11,-111,-1.2663853264900748,-2.2537709125203733,"(-12, 6, 6)",419,2
6,-27,21,-190,-0.3184149568303925,0.6205001347482442,"(-1, -20, 21)",515,2
12,-57,7,-67,-1.5475692685130298,-2.754190631813559,"(-12, 6, 6)",219,2
12,-57,6,-55,-3.4389596947456225,-6.120275691151092,"(-12, 6, 6)",169,1
12,-57,22,-210,-0.2559043868758037,0.5278610096567535,"(-3, -19, 22)",969,2
6,-10,3,-12,3.449844377960366,5.243309507959059,"(-6, 3, 3)",49,1
12,-57,20,-194,-0.32144485923243443,0.640570081990272,"(-3, -17, 20)",869,2
12,-57,12,-114,-0.9876118543178115,-1.7576410777681424,"(-12, 6, 6)",469,2
12,-57,6,-54,-3.9088053045473563,-6.956454338041705,"(-12, 6, 6)",169,1
12,-57,23,-222,-0.23991358410339608,-0.49991803460265627,"(-3, -20, 23)",1019,2
12,-57,9,-85,-1.5301384510080527,-2.7231692130933265,"(-12, 6, 6)",319,1
12,-56,9,-87,-1.3532374436545795,-2.4083405930604544,"(-12, 6, 6)",319,2
6,-27,17,-154,-0.35063986755523446,0.67612034048502,"(-1, -16, 17)",413,2
12,-57,25,-238,-0.22915296474185431,-0.48213622973007736,"(-3, -22, 25)",1119,2
6,-27,3,-29,-3.426117673400133,-5.20724803909752,"(-6, 3, 3)",49,1
12,-57,12,-120,-0.8754086975502086,-1.5579544533845198,"(-12, 6, 6)",469,2
6,-27,18,-163,-0.30640581425750646,-0.5939791149687914,"(-1, -17, 18)",439,2
12,-57,16,-157,-0.5252855197737137,-0.9935631607336137,"(-4, -12, 16)",669,2
12,-57,14,-134,-0.5064221941756061,0.9346802452580093,"(-5, -9, 14)",569,2
12,-57,19,-181,-0.40011165763020723,0.7876101347553028,"(-4, -15, 19)",819,2
12,-57,7,-66,-1.8648984837317897,-3.3189376641683848,"(-12, 6, 6)",219,1
12,-57,13,-129,-0.6889606234450494,1.2335587227614853,"(-6, -7, 13)",511,2
12,-57,19,-185,-0.3909625987969739,0.7696004334054585,"(-4, -15, 19)",819,2
6,-27,6,-57,-0.47431916211387487,-0.7209027132955159,"(-6, 3, 3)",127,2
6,-27,19,-172,-0.2564141867075683,0.49870833319962254,"(-1, -18, 19)",465,2
12,-57,14,-138,-0.5336334862003871,0.9849028804347825,"(-5, -9, 14)",569,2
12,-57,18,-176,-0.47478964325477824,-0.930148418368239,"(-4, -14, 18)",769,2
12,-57,25,-241,-0.22851645766107237,-0.48079702329882285,"(-3, -22, 25)",1119,2
12,-57,10,-93,-1.7323076512678333,-3.082967335688347,"(-12, 6, 6)",369,1
6,-27,24,-216,-0.25493732911385414,0.528439325270877,"(0, -24, 24)",595,2
12,-53,6,-56,-4.568002665920213,-8.129620046452118,"(-12, 6, 6)",169,1
12,-57,17,-162,-0.44068605322216614,0.8525272821029157,"(-4, -13, 17)",719,2
12,-57,11,-103,-1.3563424057081848,-2.413866457119747,"(-12, 6, 6)",419,2
12,-57,21,-200,-0.30190687500565877,-0.6137366901331345,"(-3, -18, 21)",919,1
12,-57,23,-219,-0.24339204327987354,-0.5071662464179939,"(-3, -20, 23)",1019,2
12,-57,11,-102,-1.6004852675295602,-2.848364606271179,"(-12, 6, 6)",419,2
6,-27,4,-39,-1.1756909765872148,-1.7868955815352114,"(-6, 3, 3)",71,1
12,-57,13,-124,-0.6455036863607795,1.155750671066522,"(-6, -7, 13)",511,1
12,-57,8,-76,-1.2547104902681676,-2.2329933452705437,"(-12, 6, 6)",269,1
12,-57,15,-148,-0.534143858008432,-0.9975751264638666,"(-5, -10, 15)",619,1
12,-57,12,-113,-1.0498958748981664,-1.8684872088488838,"(-12, 6, 6)",469,2
6,-10,18,-67,0.14255997024982756,0.2763578268387762,"(-1, -17, 18)",439,1
12,-57,22,-213,-0.2569313900051317,0.5299794372280319,"(-3, -19, 22)",969,2
6,-27,16,-146,-0.35077529593407336,-0.6710997476651729,"(-1, -15, 16)",387,2
12,-57,17,-167,-0.49144729154612354,0.9507272142952273,"(-4, -13, 17)",719,1
12,-57,12,-121,-0.9405160460301506,-1.673825227568329,"(-12, 6, 6)",469,2
12,-57,18,-171,-0.43823949481757973,-0.8585439441701066,"(-4, -14, 18)",769,2
6,-27,22,-199,-0.2534360919371836,0.5050871122703016,"(0, -22, 22)",543,2
6,-27,15,-137,-0.25668738694462856,0.4857232583152204,"(-1, -14, 15)",361,1
12,-57,21,-204,-0.3019524893166401,-0.6138294179858721,"(-3, -18, 21)",919,2
12,-57,11,-101,-1.6442983987327502,-2.926338315083725,"(-12, 6, 6)",419,1
12,-57,24,-232,-0.23938306836067536,0.5020191024598722,"(-3, -21, 24)",1069,2
6,-27,8,-74,-0.3861661966070798,0.6261240275581544,"(-2, -6, 8)",179,1
12,-57,15,-143,-0.4395759770766851,-0.8209587255346436,"(-5, -10, 15)",619,2
12,-57,24,-228,-0.2298249735095058,0.4819744675938045,"(-3, -21, 24)",1069,2
12,-57,7,-65,-1.777979475244222,-3.16424893793581,"(-12, 6, 6)",219,1
12,-57,16,-152,-0.4742828337221624,-0.8970929782296077,"(-4, -12, 16)",669,1
12,-53,8,-74,-1.4904832003084785,-2.6525952347899837,"(-12, 6, 6)",269,1
12,-57,20,-195,-0.33679417740904116,0.671157953348279,"(-3, -17, 20)",869,2
8,-37,4,-40,-5.385177923150599,-8.727528790516322,"(-8, 4, 4)",81,1
6,-27,17,-155,-0.32013103081729555,0.6172917616731439,"(-1, -16, 17)",413,1
12,-53,13,-118,-0.7390496694379524,1.3232413221680897,"(-6, -7, 13)",511,2
12,-57,14,-133,-0.5400250402020179,0.9966994788669407,"(-5, -9, 14)",569,2
12,-57,20,-190,-0.3241221896108149,0.6459054223783341,"(-3, -17, 20)",869,2
6,-27,24,-217,-0.2941122141804816,0.6096418306243713,"(0, -24, 24)",595,2
12,-57,19,-180,-0.41364552797210763,0.8142512316603301,"(-4, -15, 19)",819,2
12,-57,17,-161,-0.47339099819987773,0.9157964907590876,"(-4, -13, 17)",719,1
12,-53,6,-57,-5.507001788431282,-9.8007456232646,"(-12, 6, 6)",169,1
6,-27,23,-208,-0.2586392439226475,-0.5261319081180245,"(0, -23, 23)",569,2
12,-57,22,-209,-0.2587719743122519,0.5337760610474773,"(-3, -19, 22)",969,2
12,-57,9,-84,-1.2345828120590472,-2.1971723556116958,"(-12, 6, 6)",319,1
12,-57,16,-158,-0.49230164913805474,-0.9311750736298775,"(-4, -12, 16)",669,2
12,-57,18,-177,-0.4628569451421026,-0.9067713703764562,"(-4, -14, 18)",769,2
12,-57,13,-130,-0.6481086678835664,1.1604147949231314,"(-6, -7, 13)",511,2
12,-57,14,-139,-0.5123899170077053,0.9456945979156918,"(-5, -9, 14)",569,2
12,-57,17,-168,-0.5316269102455671,1.028456520397164,"(-4, -13, 17)",719,1
12,-57,19,-186,-0.37244503371825843,0.733149053774682,"(-4, -15, 19)",819,2
6,-27,23,-207,-0.24652633382334896,-0.5014914536891134,"(0, -23, 23)",569,2
12,-57,23,-223,-0.2479512886719387,-0.5166665379674665,"(-3, -20, 23)",1019,2
12,-57,10,-92,-1.4169720786563607,-2.5217683653840455,"(-12, 6, 6)",369,2
6,-27,22,-198,-0.30768583522606696,0.6132044919605246,"(0, -22, 22)",543,2
6,-27,3,-28,-3.887161530898315,-5.907974036203444,"(-6, 3, 3)",49,1
12,-53,14,-127,-0.5261472125433589,0.9710858080823076,"(-5, -9, 14)",569,2
12,-57,12,-112,-0.9707761437696629,-1.7276787638252125,"(-12, 6, 6)",469,2
12,-57,15,-149,-0.5512174385894592,-1.0294620031019617,"(-5, -10, 15)",619,2
12,-57,25,-242,-0.2360716883101433,-0.49669317556543924,"(-3, -22, 25)",1119,2
12,-57,25,-237,-0.2210237189750223,-0.4650323536838461,"(-3, -22, 25)",1119,2
12,-57,8,-75,-1.091695081041433,-1.9428767591709768,"(-12, 6, 6)",269,2
12,-57,13,-123,-0.5908332148702969,1.0578651973694266,"(-6, -7, 13)",511,2
6,-27,16,-145,-0.2662438523989438,-0.5093750450314415,"(-1, -15, 16)",387,2
6,-27,8,-75,-0.5949086289189947,0.9645758485351361,"(-2, -6, 8)",179,2
6,-27,5,-47,-0.8516194596796357,-1.2943495186705416,"(-6, 3, 3)",101,1
12,-57,21,-199,-0.29760145721823583,-0.6049843460122921,"(-3, -18, 21)",919,2
10,-45,6,-57,-1.9169036614586423,-3.269633103153491,"(-10, 5, 5)",163,1
8,-37,5,-49,-1.6178278931130459,-2.6219448487569994,"(-8, 4, 4)",115,1
12,-57,11,-100,-1.4345041599195694,-2.55297000201117,"(-12, 6, 6)",419,2
12,-57,8,-74,-1.2782762782641128,-2.274933098049491,"(-12, 6, 6)",269,1
12,-57,18,-170,-0.41716223301439753,-0.8172520120307478,"(-4, -14, 18)",769,2
12,-57,14,-140,-0.5735791049867361,1.0586286791727058,"(-5, -9, 14)",569,2
12,-57,22,-214,-0.2547365559817739,0.5254520927860566,"(-3, -19, 22)",969,2
10,-43,5,-46,-4.465011606679565,-7.615901648419346,"(-10, 5, 5)",121,1
